SMILES,intra,database,secdatabase
[H+],1,MetaNetX,PubChemBioCyc
[H+],1,MetaNetX,PubChemBioCyc
C[Se+](C)CCC=O,1,MetaNetX,PubChemBioCyc
CCCCCCOC(=O)CCC,1,MetaNetX,PubChemBioCyc
CCCCCCC(=O)CCC,1,MetaNetX,PubChemBioCyc
CCCCOC(=O)CCC,1,MetaNetX,PubChemBioCyc
CCCCCCCC(=O)CC,1,MetaNetX,PubChemBioCyc
CCCCCCCCCC(=O)OCC,1,MetaNetX,PubChemBioCyc
CCCCCCCC[C@@H](/C=C/CCCCCCC(=O)[O-])OO,1,MetaNetX,PubChemBioCyc
C[NH+]1CCCC1CC(=O)CC(=O)[O-],1,MetaNetX,PubChemBioCyc
COC1=CC(=O)C=CC1=O,1,MetaNetX,PubChemBioCyc
CCCC=O,1,MetaNetX,PubChemBioCyc
CCC(=O)CC,1,MetaNetX,PubChemBioCyc
CCCCCCCCCC(=O)[O-],1,MetaNetX,PubChemBioCyc
CCCCCCCCCCCCCCCC(=O)OCC(=O)COP(=O)([O-])[O-],1,MetaNetX,PubChemBioCyc
CC(=O)N[C@@H](CCC=O)C(=O)[O-],1,MetaNetX,PubChemBioCyc
CCCCCCCC/C=C\CCCCCCCC(=O)NCCO,1,MetaNetX,PubChemBioCyc
CCCCCCCCCCCCCCCC(=O)NCCO,1,MetaNetX,PubChemBioCyc
CCCCCCCCCCCCCCCC(=O)[O-],1,MetaNetX,PubChemBioCyc
C=C1CC1CC(=O)C(=O)O,1,MetaNetX,PubChemBioCyc
CCC(C)C(=O)O,1,MetaNetX,PubChemBioCyc
CC(C)C(=O)O,1,MetaNetX,PubChemBioCyc
CC(C)CC(=O)O,1,MetaNetX,PubChemBioCyc
CC(C)CC=O,1,MetaNetX,PubChemBioCyc
CC(=O)CCC(=O)[O-],1,MetaNetX,PubChemBioCyc
CC=O,1,MetaNetX,PubChemBioCyc
CC(=O)NCCCCN,1,MetaNetX,PubChemBioCyc
C[As+](C)(C)CC(=O)[O-],1,MetaNetX,PubChemBioCyc
[C-]#N,1,MetaNetX,PubChemBioCyc
[Cs+],1,MetaNetX,PubChemBioCyc
CSCCC(=O)C(=O)COP(=O)([O-])[O-],1,MetaNetX,PubChemBioCyc
CCCCCCCC(=O)CC,1,MetaNetX,PubChemBioCyc
CCCCCCC(=O)CCC,1,MetaNetX,PubChemBioCyc
CCCCCCCCCC(=O)O,1,MetaNetX,PubChemBioCyc
CCCCCCCCCCCCCCCC(=O)OC[C@H](COP(=O)(O)O)OC(=O)CCCCCCCCCCCCCCC,1,MetaNetX,PubChemBioCyc
CCCCCCCCCCCCCCCCCC(=O)OC[C@H](COP(=O)(O)O)OC(=O)CCCCCCCCCCCCCCCCC,1,MetaNetX,PubChemBioCyc
C[S+](C)CCC(=O)[O-],1,MetaNetX,PubChemBioCyc
CCCCCCCCCCCC(=O)O,1,MetaNetX,PubChemBioCyc
CCCCCCCCCCCCCC(=O)OC[C@H](COP(=O)(O)O)OC(=O)CCCCCCCCCCCCC,1,MetaNetX,PubChemBioCyc
C=C,1,MetaNetX,PubChemBioCyc
CCCCCCCC(=O)OCC,1,MetaNetX,PubChemBioCyc
[F-],1,MetaNetX,PubChemBioCyc
C#N,1,MetaNetX,PubChemBioCyc
CCCCCCCCCCCCC/C=C/C(=O)[O-],1,MetaNetX,PubChemBioCyc
CCCCCCCCCCCCCCCC(=O)O,1,MetaNetX,PubChemBioCyc
CCCCCCCCCCCCCCCCC(=O)O,1,MetaNetX,PubChemBioCyc
CCCCCCCCCCCCCCCC(=O)O,1,MetaNetX,PubChemBioCyc
CCCCCCCCCCCCCCCCC,1,MetaNetX,PubChemBioCyc
CCCCCCCOC(=O)CC,1,MetaNetX,PubChemBioCyc
CCCCCCC(=O)[O-],1,MetaNetX,PubChemBioCyc
CCCCCCC=O,1,MetaNetX,PubChemBioCyc
CC(C)C(=O)OP(=O)([O-])[O-],1,MetaNetX,PubChemBioCyc
CC(C)CO,1,MetaNetX,PubChemBioCyc
CC(C)C(=O)OP(=O)([O-])[O-],1,MetaNetX,PubChemBioCyc
CC(C)CCC(=O)[O-],1,MetaNetX,PubChemBioCyc
CC(C)CC(=O)OP(=O)([O-])[O-],1,MetaNetX,PubChemBioCyc
CCC(C)C(=O)O,1,MetaNetX,PubChemBioCyc
CCC(C)C(=O)OP(=O)([O-])[O-],1,MetaNetX,PubChemBioCyc
CSCCC(=O)C(=O)COP(=O)([O-])[O-],1,MetaNetX,PubChemBioCyc
CP(=O)(O)O,1,MetaNetX,PubChemBioCyc
CNCCOP(=O)(O)O,1,MetaNetX,PubChemBioCyc
C[Te](=O)(=O)[O-],1,MetaNetX,PubChemBioCyc
CCCCCCCCCCCCCCCCCC(=O)O,1,MetaNetX,PubChemBioCyc
CCCCCCCC(=O)O[C@H](CC(=O)[O-])C[N+](C)(C)C,1,MetaNetX,PubChemBioCyc
CCCCCCCCCCCCCCCC(=O)OC[C@H](COP(=O)(O)O)OC(=O)CCCCCCCCCCCCC,1,MetaNetX,PubChemBioCyc
CCCCCCCCCCCCCCCCCC(=O)OC[C@H](COP(=O)(O)O)OC(=O)CCCCCCCCCCCCCCC,1,MetaNetX,PubChemBioCyc
CCCCCCCCCCCCCCC(=O)O,1,MetaNetX,PubChemBioCyc
CO,1,MetaNetX,PubChemBioCyc
CCC(=O)[O-],1,MetaNetX,PubChemBioCyc
CCCCCCCCCCCCCCCCCC(=O)OCC(COC(=O)CCCCCCCCCCCCCCCCC)OC(=O)CCCCCCCCCCCCCCCCC,1,MetaNetX,PubChemBioCyc
CCCCCCCCCCCCCC(=O)O,1,MetaNetX,PubChemBioCyc
CCCCCCCCCCCCCCCCCC(=O)OCC(COC(=O)CCCCCCCCCCCCCCCCC)OC(=O)CCCCCCCCCCCCCCCCC,1,MetaNetX,PubChemBioCyc
C[NH+](C)C,1,MetaNetX,PubChemBioCyc
CCCCC/C=C\C[C@H](/C=C/CCCCCCC(=O)[O-])OO,1,MetaNetX,PubChemBioCyc
CC[C@H](C)C(=O)C(=O)[O-],1,MetaNetX,PubChemBioCyc
CCCCCCCCCC(=O)O[C@H](CC(=O)[O-])C[N+](C)(C)C,1,MetaNetX,PubChemBioCyc
CCCCC[C@@H](/C=C/C=C\CCCCCCCC(=O)[O-])OO,1,MetaNetX,PubChemBioCyc
CCCCCCCCCCCCCCCCCC(=O)O[C@H](CC(=O)[O-])C[N+](C)(C)C,1,MetaNetX,PubChemBioCyc
O,1,MetaNetX,PubChemBioCyc
O,1,MetaNetX,PubChemBioCyc
CC[C@H](C)CCCCCCCCCCC(=O)[O-],1,MetaNetX,PubChemBioCyc
C[C@@H](C=O)C(=O)[O-],1,MetaNetX,PubChemBioCyc
CCCCC/C=C\C=C\[C@H](CCCCCCCC(=O)[O-])OO,1,MetaNetX,PubChemBioCyc
CCCCC/C=C\C=C\[C@@H](CCCCCCCC(=O)[O-])OO,1,MetaNetX,PubChemBioCyc
CCC(=O)O[C@H](CC(=O)[O-])C[N+](C)(C)C,1,MetaNetX,PubChemBioCyc
CC(CO)C(=O)[O-],1,MetaNetX,PubChemBioCyc
C[C@H](CO)C(=O)[O-],1,MetaNetX,PubChemBioCyc
C[C@@H](CO)C(=O)[O-],1,MetaNetX,PubChemBioCyc
CC(=O)C[NH3+],1,MetaNetX,PubChemBioCyc
C/C=C\CO,1,MetaNetX,PubChemBioCyc
CCCCC/C=C\C/C=C\CCCCCCCCCC(=O)[O-],1,MetaNetX,PubChemBioCyc
CCCCCCCCCCCCCCCCCCC(=O)[O-],1,MetaNetX,PubChemBioCyc
CCCCCCCCCCCCCCCO,1,MetaNetX,PubChemBioCyc
CCCCCCCCC(C)CCCCCCCCC(=O)O,1,MetaNetX,PubChemBioCyc
CCCCCCCCC(C)CCCCCCCCC(=O)O,1,MetaNetX,PubChemBioCyc
CCCCCCCCC(C)CCCCCCCCC(=O)O,1,MetaNetX,PubChemBioCyc
CC[C@H](C)C(=O)[O-],1,MetaNetX,PubChemBioCyc
CCCCCCCC/C=C\CCCCCCCC(=O)[O-],1,MetaNetX,PubChemBioCyc
CCCCCCCC/C=C/CCCCCCCC(=O)[O-],1,MetaNetX,PubChemBioCyc
[C-]#N,1,MetaNetX,PubChemBioCyc
CCC/C=C/CO,1,MetaNetX,PubChemBioCyc
CCCCC/C=C\C/C=C\C/C=C\C/C=C\CCCC(=O)[O-],1,MetaNetX,PubChemBioCyc
CCCCCC/C=C\CCCCCCCC(=O)[O-],1,MetaNetX,PubChemBioCyc
CCCCCC/C=C/CCCCCCCC(=O)O,1,MetaNetX,PubChemBioCyc
[N]=O,1,MetaNetX,PubChemBioCyc
[N]=O,1,MetaNetX,PubChemBioCyc
C/C=C/C=O,1,MetaNetX,PubChemBioCyc
C/C=C\C=O,1,MetaNetX,PubChemBioCyc
CCCCCCCC/C=C\CCCCCCCCCC(=O)[O-],1,MetaNetX,PubChemBioCyc
C/C=C/C(=O)[O-],1,MetaNetX,PubChemBioCyc
CCCC/C=C\CCCCCCCC(=O)[O-],1,MetaNetX,PubChemBioCyc
CCCCCCCC/C=C\CCCCCCCC(=O)OC[C@H](COP(=O)([O-])OCC[N+](C)(C)C)OC(=O)CCCCCCC/C=C\CCCCCCCC,1,MetaNetX,PubChemBioCyc
CCCCC/C=C\C/C=C\CCCCCCCC(=O)[O-],1,MetaNetX,PubChemBioCyc
CC/C=C\CCO,1,MetaNetX,PubChemBioCyc
CCO,1,MetaNetX,PubChemBioCyc
C#C,1,MetaNetX,PubChemBioCyc
CCCCCC[N+](=O)[O-],1,MetaNetX,PubChemBioCyc
CCCCC/C=C/C=O,1,MetaNetX,PubChemBioCyc
[C-]#[N+]C1CCCCC1,1,MetaNetX,PubChemBioCyc
CCCCC/C=C\C/C=C\C/C=C\C/C=C\CCCCCC(=O)[O-],1,MetaNetX,PubChemBioCyc
CC/C=C\C/C=C\C/C=C\CCCCCCCC(=O)[O-],1,MetaNetX,PubChemBioCyc
[OH],1,MetaNetX,PubChemBioCyc
[OH],1,MetaNetX,PubChemBioCyc
CCCC(=O)CC(=O)N[C@H]1CCOC1=O,1,MetaNetX,PubChemBioCyc
CCCCCCCC/C=C\CCCCCCCCCCCCCC(=O)[O-],1,MetaNetX,PubChemBioCyc
CCCCCC/C=C/C=O,1,MetaNetX,PubChemBioCyc
CC/C=C\C/C=C\C/C=C\CCCCCCCCCC(=O)[O-],1,MetaNetX,PubChemBioCyc
CCCCC/C=C\C/C=C\CCCCCCCCCCCC(=O)O,1,MetaNetX,PubChemBioCyc
CCCCCCCC/C=C\CCCCCCCC=O,1,MetaNetX,PubChemBioCyc
C/C=C/C(=O)C(=O)[O-],1,MetaNetX,PubChemBioCyc
CC[C@H](C)CCCCCCCCCCCCC(=O)O,1,MetaNetX,PubChemBioCyc
CC(C)/C=C/CCCCCC(=O)[O-],1,MetaNetX,PubChemBioCyc
CC(C)/C=C/CCC(=O)[O-],1,MetaNetX,PubChemBioCyc
C[N+](C)(C)C[C@@H](CC(=O)[O-])OC(=O)CO,1,MetaNetX,PubChemBioCyc
CNCC(=O)C(=O)[O-],1,MetaNetX,PubChemBioCyc
CC(C)CC(=O)OP(=O)([O-])[O-],1,MetaNetX,PubChemBioCyc
CCC(C)C(=O)OP(=O)([O-])[O-],1,MetaNetX,PubChemBioCyc
CCCCC(=O)OP(=O)([O-])[O-],1,MetaNetX,PubChemBioCyc
CC(C)C(=O)[O-],1,MetaNetX,PubChemBioCyc
CC(C)C(=O)[O-],1,MetaNetX,PubChemBioCyc
CC(C)CC(=O)[O-],1,MetaNetX,PubChemBioCyc
CC(C)CC(=O)O,1,MetaNetX,PubChemBioCyc
C[Se][Se]C,1,MetaNetX,PubChemBioCyc
C[Se+](C)CCC(=O)[O-],1,MetaNetX,PubChemBioCyc
C[Se+](C)CCC[NH3+],1,MetaNetX,PubChemBioCyc
C[S+](C)CCC[NH3+],1,MetaNetX,PubChemBioCyc
CCCCC/C=C\C/C=C\C/C=C\C/C=C\C/C=C\CCC(=O)[O-],1,MetaNetX,PubChemBioCyc
CCCCCCCCCCCCO,1,MetaNetX,PubChemBioCyc
CCCCCCCCCCCC=O,1,MetaNetX,PubChemBioCyc
CCCCC/C=C/CC=O,1,MetaNetX,PubChemBioCyc
CCCCC/C=C\CC=O,1,MetaNetX,PubChemBioCyc
CCCCCCCCCCCCCCCCCCCCCC(=O)O[C@H](CO)COP(=O)([O-])[O-],1,MetaNetX,PubChemBioCyc
C1CN1,1,MetaNetX,PubChemBioCyc
CCCCCCCC/C=C\CCCCCCCCCCCC(=O)[O-],1,MetaNetX,PubChemBioCyc
CC,1,MetaNetX,PubChemBioCyc
CCCC/C=C/O/C=C/C=C\CCCCCCCC(=O)O,1,MetaNetX,PubChemBioCyc
CCCC(=O)OCC,1,MetaNetX,PubChemBioCyc
CCOP(=O)(O)O,1,MetaNetX,PubChemBioCyc
CC(=O)NCCCC[NH3+],1,MetaNetX,PubChemBioCyc
CCOC(=O)[C@H](C)[C@H](C)O,1,MetaNetX,PubChemBioCyc
CSCC=O,1,MetaNetX,PubChemBioCyc
CC1CCCC(=O)C1,1,MetaNetX,PubChemBioCyc
C[C@@H]([NH3+])P(=O)([O-])[O-],1,MetaNetX,PubChemBioCyc
CCCCCC(C)O,1,MetaNetX,PubChemBioCyc
CCCCC/C=C\C/C=C\C/C=C\C/C=C\CCCC(=O)OC(CO)CO,1,MetaNetX,PubChemBioCyc
CCC[C@@H](C)O,1,MetaNetX,PubChemBioCyc
C=CCC#N,1,MetaNetX,PubChemBioCyc
CCCCCCCCCCCCCC(=O)CC(=O)O,1,MetaNetX,PubChemBioCyc
CC(=O)CC(C)(C)S,1,MetaNetX,PubChemBioCyc
CCCCCCCCCCCCCCCCC(=O)[O-],1,MetaNetX,PubChemBioCyc
CCCCCCS(=O)(=O)[O-],1,MetaNetX,PubChemBioCyc
CCCCOC=O,1,MetaNetX,PubChemBioCyc
CCCCOC(=O)CC,1,MetaNetX,PubChemBioCyc
O=[Mn]=O,1,MetaNetX,PubChemBioCyc
CSO,1,MetaNetX,PubChemBioCyc
C[C@@](CCOP(=O)([O-])[O-])(CC(=O)[O-])OP(=O)([O-])[O-],1,MetaNetX,PubChemBioCyc
CCCCCCCC/C=C\CCCCCCCC(=O)OC(CO)CO,1,MetaNetX,PubChemBioCyc
C[NH+]1CCC[C@H]1C(=O)[O-],1,MetaNetX,PubChemBioCyc
CNC(=O)NC,1,MetaNetX,PubChemBioCyc
CN(C)CCC(=O)O,1,MetaNetX,PubChemBioCyc
CCCCCCCCCC(=O)CC(=O)N[C@H]1CCOC1=O,1,MetaNetX,PubChemBioCyc
CCCCCCCCCC(=O)CC(=O)N[C@@H](CCO)C(=O)[O-],1,MetaNetX,PubChemBioCyc
CCCC(=O)CC(=O)N[C@@H](CCO)C(=O)[O-],1,MetaNetX,PubChemBioCyc
CCCCCC(=O)CC(=O)N[C@@H](CCO)C(=O)O,1,MetaNetX,PubChemBioCyc
CCCCCCCC(=O)N[C@@H](CCO)C(=O)O,1,MetaNetX,PubChemBioCyc
[Cl-].[Cl-].[Co+2],1,MetaNetX,PubChemBioCyc
CNCCC(=O)O,1,MetaNetX,PubChemBioCyc
CNCCO,1,MetaNetX,PubChemBioCyc
CCCCCCCCC(=O)[O-],1,MetaNetX,PubChemBioCyc
[SH-],1,MetaNetX,PubChemBioCyc
CCCCCCCCCCCCCCC(=O)[O-],1,MetaNetX,PubChemBioCyc
CCCCCO,1,MetaNetX,PubChemBioCyc
CCC#N,1,MetaNetX,PubChemBioCyc
[Ca+2],1,MetaNetX,PubChemBioCyc
C1CNNC1,1,MetaNetX,PubChemBioCyc
CC/C=C\C/C=C\C/C=C\C/C=C\C/C=C\CCCCCCCC(=O)[O-],1,MetaNetX,PubChemBioCyc
CCCCCCCCCCCCCC=O,1,MetaNetX,PubChemBioCyc
C=CC=S,1,MetaNetX,PubChemBioCyc
CCCC(=O)OCC(COC(=O)CCC)OC(=O)CCC,1,MetaNetX,PubChemBioCyc
CC(=O)C[N+](C)(C)C,1,MetaNetX,PubChemBioCyc
CCCCCCCCCCC(=O)[O-],1,MetaNetX,PubChemBioCyc
CC(C)CCCCCCC(=O)O,1,MetaNetX,PubChemBioCyc
CC(=O)CSCCS(=O)(=O)[O-],1,MetaNetX,PubChemBioCyc
CC(C)C(=O)C(=O)[O-],1,MetaNetX,PubChemBioCyc
C[C@H](C=O)C(=O)[O-],1,MetaNetX,PubChemBioCyc
CCCCCCCC(=O)OC[C@H](CO)OC(=O)CCCCCCC,1,MetaNetX,PubChemBioCyc
CC(=O)N[C@@H](CCC(=O)OP(=O)([O-])[O-])C(=O)[O-],1,MetaNetX,PubChemBioCyc
C=CC(=O)C(=O)O,1,MetaNetX,PubChemBioCyc
CCCCCCCC/C=C\C=C\CC(=O)[O-],1,MetaNetX,PubChemBioCyc
C[C@@](CCO)(CC(=O)[O-])OP(=O)([O-])[O-],1,MetaNetX,PubChemBioCyc
CSCCCO,1,MetaNetX,PubChemBioCyc
[NH4+].[OH-],1,MetaNetX,PubChemBioCyc
CC(=O)N[C@@H](CC(=O)[O-])C(=O)N[C@@H](CCC(=O)[O-])C(=O)N[C@@H](CCC(=O)[O-])C(=O)[O-],1,MetaNetX,PubChemBioCyc
CCCC(=O)CC(=O)O,1,MetaNetX,PubChemBioCyc
CCCCCC(=O)CC(=O)O,1,MetaNetX,PubChemBioCyc
CCCCC/C=C\C[C@@H](/C=C/CCCCCCC(=O)[O-])OO,1,MetaNetX,PubChemBioCyc
CC/C=C\C/C=C\C[C@@H](/C=C/CCCCCCC(=O)[O-])OO,1,MetaNetX,PubChemBioCyc
C[C@@H]1CCC[NH2+]1,1,MetaNetX,PubChemBioCyc
CC1=[NH+]CCC1,1,MetaNetX,PubChemBioCyc
CC(C)CC(=O)N[C@H]1CCOC1=O,1,MetaNetX,PubChemBioCyc
C=CC1CC=CSS1,1,MetaNetX,PubChemBioCyc
CCCCC[C@H](/C=C/C=C\C/C=C\C/C=C\CCCC(=O)[O-])OO,1,MetaNetX,PubChemBioCyc
[Fe],1,MetaNetX,PubChemBioCyc
CCCCCC(/C=C/C=O)OO,1,MetaNetX,PubChemBioCyc
CCCCCC1CCN=C1C,1,MetaNetX,PubChemBioCyc
CS(=O)[O-],1,MetaNetX,PubChemBioCyc
CCCC(=O)CCCC[NH3+],1,MetaNetX,PubChemBioCyc
CS(=O)(=O)[O-],1,MetaNetX,PubChemBioCyc
CCCCCCCCCC(=O)C(=O)CC,1,MetaNetX,PubChemBioCyc
C/C=C/C=C/C=C/C(=O)[O-],1,MetaNetX,PubChemBioCyc
CCSS(=O)CC,1,MetaNetX,PubChemBioCyc
C[NH2+]CCOP(=O)([O-])[O-],1,MetaNetX,PubChemBioCyc
COC=O,1,MetaNetX,PubChemBioCyc
COC(=O)CCS,1,MetaNetX,PubChemBioCyc
CNOC,1,MetaNetX,PubChemBioCyc
CCC(=O)OP(=O)([O-])[O-],1,MetaNetX,PubChemBioCyc
CC/C=C\C/C=C\C/C=C\CC#CCCCCC(=O)O,1,MetaNetX,PubChemBioCyc
CCCCC/C=C\C/C=C\CC#CCCCCC(=O)O,1,MetaNetX,PubChemBioCyc
CCCCC/C=C\C/C=C\[C@@H](CCCCCCC(=O)[O-])OO,1,MetaNetX,PubChemBioCyc
CC(=O)NCCCC=O,1,MetaNetX,PubChemBioCyc
CCCCCCC[C@H](C)CCC[C@H](C)CCC[C@H](C)CCC[C@H](C)CCC[C@H](C)CCCO,1,MetaNetX,PubChemBioCyc
CCCCCCC[C@H](C)CCC[C@H](C)CCC[C@H](C)CCC[C@H](C)CCC[C@H](C)CCCOP(=O)([O-])[O-],1,MetaNetX,PubChemBioCyc
C[N+](C)(C)CCOS(=O)(=O)[O-],1,MetaNetX,PubChemBioCyc
O.O.O.O.O.O.[Cl-].[Cl-].[Co+2],1,MetaNetX,PubChemBioCyc
[Cs+],1,MetaNetX,PubChemBioCyc
CCCCCCCCCCOS(=O)(=O)[O-],1,MetaNetX,PubChemBioCyc
CCCCCCCCCCCCCCCC(=O)OCC,1,MetaNetX,PubChemBioCyc
[Hg+2],1,MetaNetX,PubChemBioCyc
CC(C(=O)[O-])C(=O)[O-],1,MetaNetX,PubChemBioCyc
CCCCCCCCOS(=O)(=O)[O-],1,MetaNetX,PubChemBioCyc
CCC(=O)C(=O)[O-],1,MetaNetX,PubChemBioCyc
CCCC/C=C/C=C/C=C\CCCCCCCC(=O)O,1,MetaNetX,PubChemBioCyc
CCCCCCCCCCCCCCCC(=O)OP(=O)([O-])[O-],1,MetaNetX,PubChemBioCyc
CCCCCCC(=O)C(=O)O,1,MetaNetX,PubChemBioCyc
[Cl-].[K+],1,MetaNetX,PubChemBioCyc
CCCCCCCCCCCCOS(=O)(=O)[O-].[Na+],1,MetaNetX,PubChemBioCyc
CC(=O)C(=O)[O-].[Na+],1,MetaNetX,PubChemBioCyc
C[N+]1=CCCC1,1,MetaNetX,PubChemBioCyc
CSCCC(=O)C(=O)COP(=O)([O-])[O-],1,MetaNetX,PubChemBioCyc
CCCCC[C@H](/C=C/C=C\CCCCCCCC(=O)[O-])OO,1,MetaNetX,PubChemBioCyc
C[N+](C)(C)CCC(=O)[O-],1,MetaNetX,PubChemBioCyc
C[C@H](C[NH3+])C(=O)[O-],1,MetaNetX,PubChemBioCyc
CC(C)(C)OCO,1,MetaNetX,PubChemBioCyc
C[N+](C)(C)CC(=O)CC(=O)[O-],1,MetaNetX,PubChemBioCyc
CC(=O)C(O)O,1,MetaNetX,PubChemBioCyc
CNC(=O)NC(C(=O)[O-])N(C)C(=O)NC,1,MetaNetX,PubChemBioCyc
CCCCCC/C=C\CCCCCCCCCC(=O)OC[C@H](COP(=O)([O-])[O-])OC(=O)CCCCCCC/C=C\CCCCCC,1,MetaNetX,PubChemBioCyc
CCCC#N,1,MetaNetX,PubChemBioCyc
CCC(=O)CC(=O)CC(=O)CC(=O)CC(=O)CC(=O)CC(=O)CC(=O)CC(=O)CC(=O)[O-],1,MetaNetX,PubChemBioCyc
CCCCCCCCCCCCCCCCCC[C@H](C)C[C@H](C)C[C@H](C)C(=O)[O-],1,MetaNetX,PubChemBioCyc
CC(=O)OCO,1,MetaNetX,PubChemBioCyc
CCCCC/C=C\C=C\C=C\CCCCCCC(=O)O,1,MetaNetX,PubChemBioCyc
CC(C)(C)OC=O,1,MetaNetX,PubChemBioCyc
C,1,MetaNetX,PubChemBioCyc
CCCCCC(=O)[O-],1,MetaNetX,PubChemBioCyc
CC(C)CC(=O)C(=O)O,1,MetaNetX,PubChemBioCyc
COC(=O)CC(=O)C(=O)O,1,MetaNetX,PubChemBioCyc
CSCCCCC#N,1,MetaNetX,PubChemBioCyc
[Cr+6],1,MetaNetX,PubChemBioCyc
CC(C)CCO,1,MetaNetX,PubChemBioCyc
CCCCOCO,1,MetaNetX,PubChemBioCyc
CCOC(=O)CC(=O)CCl,1,MetaNetX,PubChemBioCyc
CC(=O)NCCCC[NH2+]CCC[NH3+],1,MetaNetX,PubChemBioCyc
CC(C)C/C=N\O,1,MetaNetX,PubChemBioCyc
CC(C)CC#N,1,MetaNetX,PubChemBioCyc
CC(=O)NCCCN,1,MetaNetX,PubChemBioCyc
CCN1C(=O)C=CC1=O,1,MetaNetX,PubChemBioCyc
CCCC/C=C/C=O,1,MetaNetX,PubChemBioCyc
CCC/C=C/C=O,1,MetaNetX,PubChemBioCyc
CCC/C=C/CO,1,MetaNetX,PubChemBioCyc
C[C@H](C[NH3+])OP(=O)([O-])[O-],1,MetaNetX,PubChemBioCyc
CC(C)/C=N/O,1,MetaNetX,PubChemBioCyc
CC(C)CC=O,1,MetaNetX,PubChemBioCyc
CCNCC,1,MetaNetX,PubChemBioCyc
C[As](C)O,1,MetaNetX,PubChemBioCyc
CCCCCCCCCCCCCCCCCCCCCC=O,1,MetaNetX,PubChemBioCyc
CCCCC/C=C/C/C=C\CCCCCCCC(=O)O,1,MetaNetX,PubChemBioCyc
CC/C=C/C/C=C\C/C=C\CCCCCCCC(=O)[O-],1,MetaNetX,PubChemBioCyc
CC(=O)CO,1,MetaNetX,PubChemBioCyc
C=C(CC(=O)[O-])C(=O)[O-],1,MetaNetX,PubChemBioCyc
[Se],1,MetaNetX,PubChemBioCyc
CCSO,1,MetaNetX,PubChemBioCyc
CN1CC(=O)NC1=O,1,MetaNetX,PubChemBioCyc
C=C(CCC(=O)[O-])C(=O)[O-],1,MetaNetX,PubChemBioCyc
S=[Pb],1,MetaNetX,PubChemBioCyc
CCCCCCCCCCCCCCCCCCCCCCCCCC(=O)[O-],1,MetaNetX,PubChemBioCyc
CCCCCCCCCCCCCCCCC=O,1,MetaNetX,PubChemBioCyc
CCCCCCCO,1,MetaNetX,PubChemBioCyc
CCCC(=O)CC,1,MetaNetX,PubChemBioCyc
CCCCCCO,1,MetaNetX,PubChemBioCyc
NP(=O)([O-])[O-],1,MetaNetX,PubChemBioCyc
CC(=O)N[C@@H](CCCC(=O)C(=O)[O-])C(=O)[O-],1,MetaNetX,PubChemBioCyc
[Pb+2],1,MetaNetX,PubChemBioCyc
CCCCC/C=C/C/C=C/CCCCCCCC(=O)OC(COC(=O)CCCCCCCCC/C=C\CC(O)CCCC)COC(=O)CCCCCCCCC/C=C\CC(O)CCCC,1,MetaNetX,PubChemBioCyc
CC1=CC(=O)C=CC1=O,1,MetaNetX,PubChemBioCyc
C[Hg+],1,MetaNetX,PubChemBioCyc
CC(C)CCCC(C)CCCC(C)CCCC(C)C=O,1,MetaNetX,PubChemBioCyc
CCN1C(=O)C=CC1=O,1,MetaNetX,PubChemBioCyc
CCN1C(=O)CCC1=O,1,MetaNetX,PubChemBioCyc
CN[C@H](CC(=O)O)C(=O)O,1,MetaNetX,PubChemBioCyc
CCCCCCCCCO,1,MetaNetX,PubChemBioCyc
CCCCCCCCC=O,1,MetaNetX,PubChemBioCyc
CCCCCCCCCCCCCCCCC(=O)C(=O)[O-],1,MetaNetX,PubChemBioCyc
CC(=O)NCCCC(=O)[O-],1,MetaNetX,PubChemBioCyc
CCCC(=O)OP(=O)([O-])[O-],1,MetaNetX,PubChemBioCyc
CCC#N,1,MetaNetX,PubChemBioCyc
CC(=O)N[C@@H](CC(=O)[O-])C(=O)[O-],1,MetaNetX,PubChemBioCyc
C[NH2+][C@@H](CCC(=O)[O-])C(=O)[O-],1,MetaNetX,PubChemBioCyc
O=S=O,1,MetaNetX,PubChemBioCyc
CC(C)(C)O,1,MetaNetX,PubChemBioCyc
C1CCSC1,1,MetaNetX,PubChemBioCyc
C[N+](C)(C)C,1,MetaNetX,PubChemBioCyc
C/C=C/SS(=O)/C=C/C,1,MetaNetX,PubChemBioCyc
CCCCCCCCCCCCC(=O)O,1,MetaNetX,PubChemBioCyc
CCCCCCCCCCCCCCCC(=O)OCC(COC(=O)CCCCCCCCCCCCCCC)OC(=O)CCCCCCCCCCCCCCC,1,MetaNetX,PubChemBioCyc
CCC(=O)OCC(COC(=O)CC)OC(=O)CC,1,MetaNetX,PubChemBioCyc
[W],1,MetaNetX,PubChemBioCyc
CCCCC#N,1,MetaNetX,PubChemBioCyc
[Mn+2],1,MetaNetX,PubChemBioCyc
C[NH+](C)CCOP(=O)([O-])[O-],1,MetaNetX,PubChemBioCyc
CCCCCCCCCCCCCCCCCC=O,1,MetaNetX,PubChemBioCyc
CCCCCCCC/C=C\CCCCCCCCCCCCCC=O,1,MetaNetX,PubChemBioCyc
C[N+](C)(C)CCOP(=O)([O-])[O-],1,MetaNetX,PubChemBioCyc
CC(=O)C(=O)[O-],1,MetaNetX,PubChemBioCyc
CC/C=C\C/C=C\C=C\[C@H](CCCCCCCC(=O)[O-])OO,1,MetaNetX,PubChemBioCyc
C=CC=O,1,MetaNetX,PubChemBioCyc
CCCCCCCCCCCCCCCCCC(=O)[O-],1,MetaNetX,PubChemBioCyc
CCCC(=O)CC(=O)OCC,1,MetaNetX,PubChemBioCyc
CC(=O)N[C@@H](CCCC(=O)OP(=O)(O)O)C(=O)O,1,MetaNetX,PubChemBioCyc
CC(=O)N[C@@H](CCCC=O)C(=O)[O-],1,MetaNetX,PubChemBioCyc
CCCC/C=C\CCCCCCCCO,1,MetaNetX,PubChemBioCyc
CCCCCCCCO,1,MetaNetX,PubChemBioCyc
C#CC(=O)[O-],1,MetaNetX,PubChemBioCyc
C[S+](C)C,1,MetaNetX,PubChemBioCyc
CCCCCC(=O)/C=C/C=C\C/C=C\C/C=C\CCCC(=O)[O-],1,MetaNetX,PubChemBioCyc
C/C=C/C=C/CCCCCCCO,1,MetaNetX,PubChemBioCyc
CC/C=C/CCCCCCCCCCO,1,MetaNetX,PubChemBioCyc
C[NH3+],1,MetaNetX,PubChemBioCyc
C1CO1,1,MetaNetX,PubChemBioCyc
CC(=O)[O-],1,MetaNetX,PubChemBioCyc
CC(=O)NCCCCC(=O)C(=O)[O-],1,MetaNetX,PubChemBioCyc
CCC(C)C=O,1,MetaNetX,PubChemBioCyc
CCCCC/C=C\C/C=C\C=C\C(=O)C/C=C\CCCC(=O)[O-],1,MetaNetX,PubChemBioCyc
C/C=C/C=C/CCCCCCC(=O)[O-],1,MetaNetX,PubChemBioCyc
CC/C=C\CCCCCCCCCCO,1,MetaNetX,PubChemBioCyc
[Li+],1,MetaNetX,PubChemBioCyc
[Na+],1,MetaNetX,PubChemBioCyc
C[NH2+]CCCC[NH3+],1,MetaNetX,PubChemBioCyc
CCCCCCCC=O,1,MetaNetX,PubChemBioCyc
C#CC=O,1,MetaNetX,PubChemBioCyc
CC(C)CCCCCCCC(=O)[O-],1,MetaNetX,PubChemBioCyc
CSCCC(=O)C(=O)[O-],1,MetaNetX,PubChemBioCyc
CCCCC/C=C\C[C@@H](/C=C/C=C\C/C=C\CCCC(=O)[O-])OO,1,MetaNetX,PubChemBioCyc
CCCCCCCCCCCCCCC(C)C(=O)[O-],1,MetaNetX,PubChemBioCyc
CC/C=C/C=C\CCCCCCCCO,1,MetaNetX,PubChemBioCyc
CSCCCC(=O)C(=O)[O-],1,MetaNetX,PubChemBioCyc
CC(=O)OP(=O)([O-])[O-],1,MetaNetX,PubChemBioCyc
CC(C)[NH3+],1,MetaNetX,PubChemBioCyc
C[S+](C)CCC(=O)[O-],1,MetaNetX,PubChemBioCyc
CCC/C=C\C=C\CCCCCCCCC(=O)[O-],1,MetaNetX,PubChemBioCyc
C[N+](C)(C)CC(=O)[O-],1,MetaNetX,PubChemBioCyc
CCCCCCCCCCCCCCCCCCCC(=O)[O-],1,MetaNetX,PubChemBioCyc
C[NH2+]CC(=O)[O-],1,MetaNetX,PubChemBioCyc
CCCCCCCCCCCCCCCCC,1,MetaNetX,PubChemBioCyc
CCCCCC/C=C\C=C\CCCCCCCCCC(=O)[O-],1,MetaNetX,PubChemBioCyc
CCCCCC/C=C/C=C\CCCCCCCCCC(=O)[O-],1,MetaNetX,PubChemBioCyc
CC(C=O)C(=O)[O-],1,MetaNetX,PubChemBioCyc
CC[C@H](C)[C@@H](C(=O)[O-])N(O)O,1,MetaNetX,PubChemBioCyc
CC(C)[C@@H](C(=O)[O-])N(O)O,1,MetaNetX,PubChemBioCyc
CC[C@@H](C)O,1,MetaNetX,PubChemBioCyc
CC(C)O,1,MetaNetX,PubChemBioCyc
CC(=O)C=O,1,MetaNetX,PubChemBioCyc
CCCC(CCC)C(=O)O,1,MetaNetX,PubChemBioCyc
C[C@@H]1CO1,1,MetaNetX,PubChemBioCyc
C[C@H]1CO1,1,MetaNetX,PubChemBioCyc
CCCCCCCCCCCCCCCC(=O)OC[C@H](CO)OC(=O)CCCCCCCCCCCCCCC,1,MetaNetX,PubChemBioCyc
CCCCCCCCCCCCCC(=O)[O-],1,MetaNetX,PubChemBioCyc
CCCCCCCCCCCCC/C=C/C(=O)[O-],1,MetaNetX,PubChemBioCyc
CCCCC(=O)C(=O)[O-],1,MetaNetX,PubChemBioCyc
CCCCCCCCCC(=O)CC(=O)[O-],1,MetaNetX,PubChemBioCyc
CC1=CC(=O)O[C@H]1CC(=O)[O-],1,MetaNetX,PubChemBioCyc
CC(=O)NCCCCC(=O)[O-],1,MetaNetX,PubChemBioCyc
CCCCCC/C=C\CCCCCCCCCCO,1,MetaNetX,PubChemBioCyc
CCCCC/C=C\C/C=C\C=C\[C@@H](C/C=C\CCCC(=O)[O-])OO,1,MetaNetX,PubChemBioCyc
C=CCO,1,MetaNetX,PubChemBioCyc
CCCCCCCCCCCCCCCC(=O)OC[C@H](COP(=O)([O-])OCC[N+](C)(C)C)OC(=O)CCCCCCCCCCCCCCC,1,MetaNetX,PubChemBioCyc
CCCCCCCCCCCC(=O)OC[C@H](COP(=O)([O-])OCC[N+](C)(C)C)OC(=O)CCCCCCCCCCC,1,MetaNetX,PubChemBioCyc
CCCCCCCCCCCCCCCC(=O)OC[C@H](COP(=O)([O-])OCC[NH3+])OC(=O)CCCCCCCCCCCCCCC,1,MetaNetX,PubChemBioCyc
CCC1CO1,1,MetaNetX,PubChemBioCyc
CCCCO,1,MetaNetX,PubChemBioCyc
CCCCCC#CC/C=C\CCCCCCCC(=O)[O-],1,MetaNetX,PubChemBioCyc
CCCCC/C=C\C/C=C\CCCCCCCC(=O)OC[C@H](COP(=O)(O)OCCN)OC(=O)CCCCCCC/C=C\C/C=C\CCCCC,1,MetaNetX,PubChemBioCyc
CC/C=C\C/C=C\C/C=C\CCCCCCCC(=O)OC[C@H](COP(=O)([O-])[O-])OC(=O)CCCCC/C=C\C/C=C\C/C=C\CC,1,MetaNetX,PubChemBioCyc
CC/C=C\C/C=C\C/C=C\CCCCCCCC(=O)OC[C@H](COP(=O)(O)OCCN)OC(=O)CCCCCCC/C=C\C/C=C\C/C=C\CC,1,MetaNetX,PubChemBioCyc
CCCCC/C=C\C/C=C\CCCCCCCCCC(=O)OC[C@H](COP(=O)(O)OCCN)OC(=O)CCCCCCC/C=C\C/C=C\CCCCC,1,MetaNetX,PubChemBioCyc
CC/C=C\C/C=C\C/C=C\CCCCCCCCCC(=O)OC[C@H](COP(=O)([O-])OCC[N+](C)(C)C)OC(=O)CCCCCCC/C=C\C/C=C\C/C=C\CC,1,MetaNetX,PubChemBioCyc
CC/C=C\C/C=C\C/C=C\CCCCCCCCCC(=O)OC[C@H](COP(=O)([O-])OCC[NH3+])OC(=O)CCCCCCC/C=C\C/C=C\C/C=C\CC,1,MetaNetX,PubChemBioCyc
CCCCCCCC/C=C\CCCCCCCCCCCC(=O)OC[C@H](COP(=O)([O-])OCC[N+](C)(C)C)OC(=O)CCCCCCC/C=C\CCCCCCCC,1,MetaNetX,PubChemBioCyc
CCCCCCCCCCCCCCCCCCCCCCCCCCCCCCCCO,1,MetaNetX,PubChemBioCyc
CCCCCCCCCCCCCCCCCCCCO,1,MetaNetX,PubChemBioCyc
CCCC[N+](=O)[O-],1,MetaNetX,PubChemBioCyc
CCC[N+](=O)[O-],1,MetaNetX,PubChemBioCyc
CCCCCCCCCCCCCCCCCCCCCCCCCCCCCO,1,MetaNetX,PubChemBioCyc
CCCCCCCC/C=C\CCCCCCCC(=O)OCC(=O)COP(=O)([O-])[O-],1,MetaNetX,PubChemBioCyc
CCCCCCCCCCCCCCCCCCCCCCCC(=O)[O-],1,MetaNetX,PubChemBioCyc
CCCCCCCCCCCCCCCCCCCCCCCCCCCCCCCCCCCO,1,MetaNetX,PubChemBioCyc
CCCCCCCCCCCCCCCCCCCCCCCCO,1,MetaNetX,PubChemBioCyc
CCCCCCCCCCCCCCO,1,MetaNetX,PubChemBioCyc
CCCCCCCCCCCCCCCCCCCCCCCCCCCCCCCCCCO,1,MetaNetX,PubChemBioCyc
CCCCCCCCCCCO,1,MetaNetX,PubChemBioCyc
CCCCC/C=C\CC(=O)/C=C/C=C\C/C=C\CCCC(=O)[O-],1,MetaNetX,PubChemBioCyc
CC(C)CCCC(C)CCCC(C)CCCC(C)C(=O)[O-],1,MetaNetX,PubChemBioCyc
CC(C)CCCCCCCCCCCCCC(=O)[O-],1,MetaNetX,PubChemBioCyc
CCCCCCCC/C=C/C/C=C/CCCCCCCCCCCCCCC=O,1,MetaNetX,PubChemBioCyc
CCCCCCCCCCCCC/C=C/CCCCCCCCCCCCCCC=O,1,MetaNetX,PubChemBioCyc
CCCCC/C=C/C/C=C/CCCCCCCCCCCCCCCC=O,1,MetaNetX,PubChemBioCyc
CC/C=C\C[C@H](/C=C/C=C\C/C=C\C/C=C\C/C=C\CCC(=O)O)OO,1,MetaNetX,PubChemBioCyc
CC/C=C\C[C@@H](/C=C/C=C\C/C=C\C/C=C\C/C=C\CCC(=O)[O-])OO,1,MetaNetX,PubChemBioCyc
CCCCC/C=C/C/C=C/CCCCCCCCCCCCCCCCCC=O,1,MetaNetX,PubChemBioCyc
CCCCC(=O)[O-],1,MetaNetX,PubChemBioCyc
CCCCCCCC/C=C/CCCCCCCCCCCCCCCCCC=O,1,MetaNetX,PubChemBioCyc
CC1CO1,1,MetaNetX,PubChemBioCyc
CC[C@H](C)C#N,1,MetaNetX,PubChemBioCyc
CCCCCCCCCCCC(=O)O[C@H](CO)COP(=O)([O-])OCC[NH3+],1,MetaNetX,PubChemBioCyc
CCCCCCCCCCCCCC(=O)O[C@H](CO)COP(=O)(O)OCCN,1,MetaNetX,PubChemBioCyc
CCCCCCCCCCCCCCCC(=O)O[C@H](CO)COP(=O)(O)OCCN,1,MetaNetX,PubChemBioCyc
CCCCCCCCCCCCCCCCCC(=O)O[C@H](CO)COP(=O)([O-])OCC[NH3+],1,MetaNetX,PubChemBioCyc
CCCCC/C=C\C/C=C\C/C=C\C/C=C\CCCCOC(CO)CO,1,MetaNetX,PubChemBioCyc
C=C(CC(=O)C(=O)O)C(=O)O,1,MetaNetX,PubChemBioCyc
CSCCCC/C=N/O,1,MetaNetX,PubChemBioCyc
CSCCCCC/C=N/O,1,MetaNetX,PubChemBioCyc
CSCCCCCC/C=N/O,1,MetaNetX,PubChemBioCyc
CSCCCCCCC/C=N/O,1,MetaNetX,PubChemBioCyc
CSCCCCCCCC/C=N/O,1,MetaNetX,PubChemBioCyc
CC1CCCCC1O,1,MetaNetX,PubChemBioCyc
CSCCO,1,MetaNetX,PubChemBioCyc
CCCCCCCCCCCCCCCC(=O)OC(CO)CO,1,MetaNetX,PubChemBioCyc
CCCCC/C=C/CCCCCCCCCCCCCCCCCCC=O,1,MetaNetX,PubChemBioCyc
CCCCC/C=C/C/C=C/CCCCCCCCCCCCCCCCCCCC=O,1,MetaNetX,PubChemBioCyc
CCC(=O)C(=O)CC,1,MetaNetX,PubChemBioCyc
[Mn+3],1,MetaNetX,PubChemBioCyc
CC(C)/C=C/C(=O)O,1,MetaNetX,PubChemBioCyc
CCC(C)CC(=O)[O-],1,MetaNetX,PubChemBioCyc
CCC(C(C)O)[N+](=O)[O-],1,MetaNetX,PubChemBioCyc
CCCCCCCCCCCC(=O)CC(=O)O,1,MetaNetX,PubChemBioCyc
CCCCCC(=O)CC(=O)N[C@H]1CCOC1=O,1,MetaNetX,PubChemBioCyc
CCCCCCCC(=O)CC(=O)O,1,MetaNetX,PubChemBioCyc
CCC(=O)CC(=O)[O-],1,MetaNetX,PubChemBioCyc
CC(=O)CCC1CC(=O)OC1(C)C,1,MetaNetX,PubChemBioCyc
CC(=O)CCC(=O)[O-],1,MetaNetX,PubChemBioCyc
CCCCCCCCCCCCCCCCCCCC/C=C/CCCC=O,1,MetaNetX,PubChemBioCyc
CC(C)C[NH3+],1,MetaNetX,PubChemBioCyc
CCCC(=O)CCCC=O,1,MetaNetX,PubChemBioCyc
CSCCCCC(=O)C(=O)O,1,MetaNetX,PubChemBioCyc
CSCCCCCC(=O)C(=O)O,1,MetaNetX,PubChemBioCyc
CSCCCCCCC(=O)C(=O)O,1,MetaNetX,PubChemBioCyc
CSCCCCCCCC(=O)C(=O)O,1,MetaNetX,PubChemBioCyc
CCCCCCCCCCCCCCCCCCCCCC/C=C/CCCC=O,1,MetaNetX,PubChemBioCyc
CCCCCCCCCCCCCCCCCCCCCCCC/C=C/CCCC=O,1,MetaNetX,PubChemBioCyc
CC(C)C(=O)CC(=O)[O-],1,MetaNetX,PubChemBioCyc
CC(=O)CC(=O)C(=O)[O-],1,MetaNetX,PubChemBioCyc
CC(C)CCCCCC(=O)O,1,MetaNetX,PubChemBioCyc
CCCCC/C=C\C/C=C\CCCCCC(=O)O,1,MetaNetX,PubChemBioCyc
CCCCC/C=C\C/C=C\C/C=C\CCCCC(=O)[O-],1,MetaNetX,PubChemBioCyc
CC(=O)NCCCCC[NH3+],1,MetaNetX,PubChemBioCyc
CC(=O)COP(=O)([O-])[O-],1,MetaNetX,PubChemBioCyc
CCCCCCCCCCCC(=O)[O-],1,MetaNetX,PubChemBioCyc
CC(C)CC(=O)C(=O)[O-],1,MetaNetX,PubChemBioCyc
[Hg],1,MetaNetX,PubChemBioCyc
CNC(=O)CCC(=O)C(=O)[O-],1,MetaNetX,PubChemBioCyc
CCCCCC/C=C\C=C/CCCCCCCCCC(=O)[O-],1,MetaNetX,PubChemBioCyc
CCCCCCCCCCCCCCC=O,1,MetaNetX,PubChemBioCyc
CCCCCC/C=C/C=C/CCCCCCCCCC(=O)[O-],1,MetaNetX,PubChemBioCyc
C1CC[NH2+]CC1,1,MetaNetX,PubChemBioCyc
C=CCN=C=S,1,MetaNetX,PubChemBioCyc
S,1,MetaNetX,PubChemBioCyc
C=C1CCOC1=O,1,MetaNetX,PubChemBioCyc
CCCCC/C=C\[C@@H](/C=C\CCCCCCCC(=O)[O-])OO,1,MetaNetX,PubChemBioCyc
CC/C=C\C/C=C\CCC/C=C/C=C/C=C\CCCC(=O)[O-],1,MetaNetX,PubChemBioCyc
CC/C=C\C/C=C\C=C\[C@@H](CCCCCCCC(=O)[O-])OO,1,MetaNetX,PubChemBioCyc
C[S+](C)CC(=O)[O-],1,MetaNetX,PubChemBioCyc
CSCC(=O)[O-],1,MetaNetX,PubChemBioCyc
CCC(C)(C)O,1,MetaNetX,PubChemBioCyc
C[As+](C)(C)CC(=O)[O-],1,MetaNetX,PubChemBioCyc
CCCCC(CC)CO,1,MetaNetX,PubChemBioCyc
CCC/C=C/C=O,1,MetaNetX,PubChemBioCyc
CC(C)C(=O)OP(=O)([O-])[O-],1,MetaNetX,PubChemBioCyc
CCCC(=O)C(=O)[O-],1,MetaNetX,PubChemBioCyc
CSCCC[NH3+],1,MetaNetX,PubChemBioCyc
CC(=O)CCCC(=O)[O-],1,MetaNetX,PubChemBioCyc
CC(=O)NCCCC(=O)CC(=O)[O-],1,MetaNetX,PubChemBioCyc
C=CC#N,1,MetaNetX,PubChemBioCyc
CSC,1,MetaNetX,PubChemBioCyc
CCC/C=C\C=C\CCCCCCCCCO,1,MetaNetX,PubChemBioCyc
CCCC,1,MetaNetX,PubChemBioCyc
C[N+](C)(C)CC=O,1,MetaNetX,PubChemBioCyc
CC(C)OP(=O)([O-])OC(C)C,1,MetaNetX,PubChemBioCyc
CCCC(=O)[O-],1,MetaNetX,PubChemBioCyc
C[NH+](C)CC(=O)[O-],1,MetaNetX,PubChemBioCyc
[Cr+3],1,MetaNetX,PubChemBioCyc
COS(=O)(=O)[O-],1,MetaNetX,PubChemBioCyc
CN(C)C=O,1,MetaNetX,PubChemBioCyc
CC(=O)NCCC(=O)[O-],1,MetaNetX,PubChemBioCyc
[Co+3],1,MetaNetX,PubChemBioCyc
CCCCCC(=O)NC,1,MetaNetX,PubChemBioCyc
CCCC(=O)CC(=O)CCC,1,MetaNetX,PubChemBioCyc
COC(=O)CC(=O)C(=O)[O-],1,MetaNetX,PubChemBioCyc
Cl[Cu]Cl,1,MetaNetX,PubChemBioCyc
CC1=CC(=O)C(=C(C)C)CC1,1,MetaNetX,PubChemBioCyc
CCCC(C)C(=O)[O-],1,MetaNetX,PubChemBioCyc
CC(=O)SCC[NH3+],1,MetaNetX,PubChemBioCyc
O=S=O,1,MetaNetX,PubChemBioCyc
CC1=CCC(=C(C)C)CC1,1,MetaNetX,PubChemBioCyc
CC(=O)[S-],1,MetaNetX,PubChemBioCyc
C[N+](C)(C)CCCC=O,1,MetaNetX,PubChemBioCyc
C=CCCCC(=O)[O-],1,MetaNetX,PubChemBioCyc
CSCCC[C@@H](C(=O)[O-])N(O)O,1,MetaNetX,PubChemBioCyc
CSCCC/C=N/O,1,MetaNetX,PubChemBioCyc
CCCCCCCCCCCCCCCCCC(=O)OC[C@H](CO)OC(=O)CCCCCCCCCCCCCCC,1,MetaNetX,PubChemBioCyc
CC(=O)NCCC[NH2+]CCCC[NH3+],1,MetaNetX,PubChemBioCyc
NN,1,MetaNetX,PubChemBioCyc
CSCCC(=O)C(=O)COP(=O)(O)O,1,MetaNetX,PubChemBioCyc
CCl,1,MetaNetX,PubChemBioCyc
CCCCCCCC/C=C\CCCCCC(=O)[O-],1,MetaNetX,PubChemBioCyc
CCCCC/C=C\C=C\O/C=C/CCCCCCC(=O)[O-],1,MetaNetX,PubChemBioCyc
CC/C=C\C/C=C\C=C\O/C=C/CCCCCCC(=O)[O-],1,MetaNetX,PubChemBioCyc
CCOS(=O)(=O)O,1,MetaNetX,PubChemBioCyc
CCOP(=O)([O-])OCC,1,MetaNetX,PubChemBioCyc
CCC(C)(C)C(=O)SCCC(=O)OC,1,MetaNetX,PubChemBioCyc
CCCCCCCCCCC/C=C/C=C/C=C/C=C/C=C/C(=O)[O-],1,MetaNetX,PubChemBioCyc
CCCCCCCCCCCCCCCCCCCCCCO,1,MetaNetX,PubChemBioCyc
CCCCCCCCCCCCOS(=O)(=O)[O-],1,MetaNetX,PubChemBioCyc
CCCCCCCCCCCCCCCCCCCCCCCCCCCCCCCC=O,1,MetaNetX,PubChemBioCyc
CCCCCCCCCCCCCCCCCCCCCCCCCCCCCCCC(=O)[O-],1,MetaNetX,PubChemBioCyc
CCCCCCCCCCCCCCCCCCCC=O,1,MetaNetX,PubChemBioCyc
CI,1,MetaNetX,PubChemBioCyc
CCCCCCCCCCCCCCCCCCCCOC(=O)CCCCCCCCCCCCCCC,1,MetaNetX,PubChemBioCyc
CC(C)CO,1,MetaNetX,PubChemBioCyc
CC(C)C=O,1,MetaNetX,PubChemBioCyc
CCS,1,MetaNetX,PubChemBioCyc
CCCCCC(=O)OCC,1,MetaNetX,PubChemBioCyc
CCOC=O,1,MetaNetX,PubChemBioCyc
CCCCCCCC(=O)OCC,1,MetaNetX,PubChemBioCyc
CCCCCCCCCCCCCCCC=O,1,MetaNetX,PubChemBioCyc
CC1=CC[C@@H]2[C@H](C1)C2(C)C,1,MetaNetX,PubChemBioCyc
CCCCC/C=C\C[C@H](/C=C/CCCCCCC(=O)[O-])OO,1,MetaNetX,PubChemBioCyc
C=C(Cl)Cl,1,MetaNetX,PubChemBioCyc
CCCCCCCCCC/C=C\CCCCCCCC(=O)O,1,MetaNetX,PubChemBioCyc
CCCCCCCCCCCCCCCC(=O)O[C@H](CO)COP(=O)(O)O,1,MetaNetX,PubChemBioCyc
CCC(C)CO,1,MetaNetX,PubChemBioCyc
CCCCCCCCCCCCCCCCCC(=O)O[C@H](CO)COP(=O)(O)O,1,MetaNetX,PubChemBioCyc
CSCCCCCCCCC(=O)C(=O)O,1,MetaNetX,PubChemBioCyc
CCOC(=O)CN,1,MetaNetX,PubChemBioCyc
CN(CC(=O)[O-])C(=O)C[NH3+],1,MetaNetX,PubChemBioCyc
CCCCC/C=C\C/C=C\C/C=C\CCCCCCC(=O)[O-],1,MetaNetX,PubChemBioCyc
CC/C=C\C/C=C\C/C=C\C/C=C\CCCCC(=O)O,1,MetaNetX,PubChemBioCyc
CCCCCCCCCCCCCCCCCCCCCCCCCCO,1,MetaNetX,PubChemBioCyc
CCCCCCCCCCCCCCCCCCCCCCCCCC=O,1,MetaNetX,PubChemBioCyc
CCCCCC,1,MetaNetX,PubChemBioCyc
CCCCCC(=O)O[C@H](CC(=O)[O-])C[N+](C)(C)C,1,MetaNetX,PubChemBioCyc
CCC(=O)CO,1,MetaNetX,PubChemBioCyc
Cl[Fe]Cl,1,MetaNetX,PubChemBioCyc
CC(C)CCC(=O)[O-],1,MetaNetX,PubChemBioCyc
CCCCCCCC/C=C\C/C=C\CCCCC(=O)[O-],1,MetaNetX,PubChemBioCyc
CC(C)CCCCCCCCCCC(=O)[O-],1,MetaNetX,PubChemBioCyc
CC(C)CCCCCCCCCCCCC(=O)O,1,MetaNetX,PubChemBioCyc
CC(C)CCCCCCCCCCCC(=O)O,1,MetaNetX,PubChemBioCyc
CNCCCC=O,1,MetaNetX,PubChemBioCyc
CCCCCCCC,1,MetaNetX,PubChemBioCyc
CC(=O)NCC(=O)O,1,MetaNetX,PubChemBioCyc
CCCC(=O)N[C@H]1CCOC1=O,1,MetaNetX,PubChemBioCyc
CCCC1=NCCCC1,1,MetaNetX,PubChemBioCyc
CC(=O)NCCC[NH2+]CCCC[NH2+]CCC[NH3+],1,MetaNetX,PubChemBioCyc
CCCCC/C=C\C/C=C\CCCCCCCC(=O)NCCO,1,MetaNetX,PubChemBioCyc
C[NH2+]CCCC(=O)[O-],1,MetaNetX,PubChemBioCyc
CCCCCCCCCCCCCCCCCCCCCCCCCCCCCC(=O)[O-],1,MetaNetX,PubChemBioCyc
CC(C)/C=C/CCCCC(=O)O,1,MetaNetX,PubChemBioCyc
COC(=O)CCCCCCCC=O,1,MetaNetX,PubChemBioCyc
CN=C=O,1,MetaNetX,PubChemBioCyc
CC(=O)C(C)(C)O,1,MetaNetX,PubChemBioCyc
CC(CC(=O)O)C(=O)O,1,MetaNetX,PubChemBioCyc
CBr,1,MetaNetX,PubChemBioCyc
CCCCCCCCCCCCCCCCCC(=O)OC(CO)CO,1,MetaNetX,PubChemBioCyc
COC(=O)CCC(=O)O,1,MetaNetX,PubChemBioCyc
CCCCCCCCCCCCCCCCCCCCCCCCCCCC(=O)O,1,MetaNetX,PubChemBioCyc
CSSC,1,MetaNetX,PubChemBioCyc
C[Se]C,1,MetaNetX,PubChemBioCyc
CCCCCCCCCCCCCCCCCC[C@@H](C)C[C@@H](C)C[C@@H](C)C[C@@H](C)C(=O)[O-],1,MetaNetX,PubChemBioCyc
CCCCCCCCCCCCCC(=O)NCCO,1,MetaNetX,PubChemBioCyc
CSC#N,1,MetaNetX,PubChemBioCyc
CCCCCCCC(=O)N[C@H]1CCOC1=O,1,MetaNetX,PubChemBioCyc
CC(=O)NCCC[NH2+]CCCC=O,1,MetaNetX,PubChemBioCyc
CC(=O)NCCS,1,MetaNetX,PubChemBioCyc
CCCCCN,1,MetaNetX,PubChemBioCyc
CCCCNC=O,1,MetaNetX,PubChemBioCyc
CN1CCCC1=O,1,MetaNetX,PubChemBioCyc
CN(C)N=O,1,MetaNetX,PubChemBioCyc
CCCCCCCCCCCCCCCC(=O)NCCS(=O)(=O)[O-],1,MetaNetX,PubChemBioCyc
CCCO,1,MetaNetX,PubChemBioCyc
CCCCCCCCCCCCCCCCCC(=O)NCCS(=O)(=O)[O-],1,MetaNetX,PubChemBioCyc
CC(=O)NC(CCCN=C(N)N)C(=O)O,1,MetaNetX,PubChemBioCyc
CCNCCCNCCCCNCCCNCC,1,MetaNetX,PubChemBioCyc
CCNCCCNCCCNCCCNCC,1,MetaNetX,PubChemBioCyc
C=C1C=CC(=O)O1,1,MetaNetX,PubChemBioCyc
CCCC(=O)O[C@H](CC(=O)[O-])C[N+](C)(C)C,1,MetaNetX,PubChemBioCyc
CS,1,MetaNetX,PubChemBioCyc
CCCCCCCCCCCCCCCCCCCCCCCCCCCCO,1,MetaNetX,PubChemBioCyc
CCCCCCCCCCCCCCCCCCCCCCCCCCCC=O,1,MetaNetX,PubChemBioCyc
[Mg+2],1,MetaNetX,PubChemBioCyc
CCCCCCC(C)O,1,MetaNetX,PubChemBioCyc
CCCCCCCCN,1,MetaNetX,PubChemBioCyc
CCCCCCCC/C=C\CCCCCCCC(=O)NCC(=O)[O-],1,MetaNetX,PubChemBioCyc
CC(C)(C)NC(=O)[C@H]1C[NH2+]CCN1,1,MetaNetX,PubChemBioCyc
CCCCC/C=C\C/C=C\CCCCCCCC(=O)OC[C@H](COP(=O)([O-])OCC[N+](C)(C)C)OC(=O)CCCCCCC/C=C\C/C=C\CCCCC,1,MetaNetX,PubChemBioCyc
CCCCCCCCCCCCCCCC(=O)OC[C@H](COP(=O)([O-])[O-])OC(=O)CCCCCCCCCCCCC,1,MetaNetX,PubChemBioCyc
CCCCCCCCCCCCCCCCCC(=O)OC[C@H](COP(=O)(O)O)OC(=O)CCCCCCCCCCCCCCC,1,MetaNetX,PubChemBioCyc
CSCCS(=O)(=O)[O-],1,MetaNetX,PubChemBioCyc
CCCCCCCCCCCCCC(C)C=O,1,MetaNetX,PubChemBioCyc
CSCCC=O,1,MetaNetX,PubChemBioCyc
CCCCCCCCCCCCCCCC(=O)OC[C@H](COP(=O)([O-])OCC[N+](C)(C)C)OC(=O)CCCCCCCCCCCCC,1,MetaNetX,PubChemBioCyc
CCCCCCCCCCCCCCCCCC(=O)OC[C@H](COP(=O)([O-])OCC[N+](C)(C)C)OC(=O)CCCCCCCCCCCCCCCCC,1,MetaNetX,PubChemBioCyc
CCCCC/C=C\C/C=C\CCCCCCCCCC(=O)OC[C@H](COP(=O)([O-])OCC[N+](C)(C)C)OC(=O)CCCCCCC/C=C\C/C=C\CCCCC,1,MetaNetX,PubChemBioCyc
CCCCCCCCCCCCCCCCCCCCCC(=O)[O-],1,MetaNetX,PubChemBioCyc
C[N+](C)(C)CC(O)O,1,MetaNetX,PubChemBioCyc
CC/C=C\C/C=C\C/C=C\C/C=C\C/C=C\C/C=C\CCC(=O)[O-],1,MetaNetX,PubChemBioCyc
CCCCC/C=C\C/C=C\C/C=C\C/C=C\CCCC(=O)OCC[NH3+],1,MetaNetX,PubChemBioCyc
CSCCC/C=N/O,1,MetaNetX,PubChemBioCyc
C[C@H](N)P(=O)(O)O,1,MetaNetX,PubChemBioCyc
CCCSP(=O)(OCC)SCCC,1,MetaNetX,PubChemBioCyc
CCCCCCCCCCCCCCCCCCCCC,1,MetaNetX,PubChemBioCyc
CCCCCCCCCCCCCCCCCCCCCCCCCCCCCCC,1,MetaNetX,PubChemBioCyc
CCCCCCCCCCCCCCCCCCCCCCCCCCC,1,MetaNetX,PubChemBioCyc
C[NH+](C)CCO,1,MetaNetX,PubChemBioCyc
CCCCCCCCCCCCCCCCO,1,MetaNetX,PubChemBioCyc
CCCCCCCCCCCCCCCCCCCCCCCCCCCCC,1,MetaNetX,PubChemBioCyc
CCCCCCCCCCCCCCCCCCC,1,MetaNetX,PubChemBioCyc
CCCCCCCCCCCCCCCCCC,1,MetaNetX,PubChemBioCyc
CCCCCCCCCCCCCCCCCCCCCCCCC,1,MetaNetX,PubChemBioCyc
CCCCCCCCCCCCCCC,1,MetaNetX,PubChemBioCyc
CCC=S=O,1,MetaNetX,PubChemBioCyc
CCCCCCCCCCCCCCCCCCCCCCCCCCCCCC,1,MetaNetX,PubChemBioCyc
CCCCCCCCCCCCCCCCCCCCCCC,1,MetaNetX,PubChemBioCyc
CCCCCCCCCCCCC,1,MetaNetX,PubChemBioCyc
CCCCCCCCCCCCCCCCCCCCCCCCCCCCCCCCC,1,MetaNetX,PubChemBioCyc
CCCCCCCCCC=O,1,MetaNetX,PubChemBioCyc
CC(=O)O[C@H](CC(=O)[O-])C[N+](C)(C)C,1,MetaNetX,PubChemBioCyc
N=O,1,MetaNetX,PubChemBioCyc
[C-]#[O+],1,MetaNetX,PubChemBioCyc
[Fe],1,MetaNetX,PubChemBioCyc
[Fe+2],1,MetaNetX,PubChemBioCyc
[Fe+3],1,MetaNetX,PubChemBioCyc
CC/C=C\C/C=C\C/C=C\C/C=C\C/C=C\CCCCCC(=O)[O-],1,MetaNetX,PubChemBioCyc
CCCCCCCCC1CC1CCCCCCCC(=O)[O-],1,MetaNetX,PubChemBioCyc
C[C@@H](CO)C(=O)[O-],1,MetaNetX,PubChemBioCyc
CC/C=C\C/C=C\CC=O,1,MetaNetX,PubChemBioCyc
[N-]=[N+]=[N-],1,MetaNetX,PubChemBioCyc
CCCCCC/C=C\CCCCCCCCC(=O)O,1,MetaNetX,PubChemBioCyc
CC(=O)N[C@@H](CC(=O)[O-])C(=O)N[C@@H](CCC(=O)[O-])C(=O)[O-],1,MetaNetX,PubChemBioCyc
CCCCCC(=O)NC1CCOC1=O,1,MetaNetX,PubChemBioCyc
CCCCCC/C=C/C=C\CCCCCCCC(=O)[O-],1,MetaNetX,PubChemBioCyc
C#N,1,MetaNetX,PubChemBioCyc
[Ag+],1,MetaNetX,PubChemBioCyc
CSCCC(=O)[O-],1,MetaNetX,PubChemBioCyc
CC/C=C\C/C=C\C/C=C\C/C=C\C/C=C\CCCC(=O)[O-],1,MetaNetX,PubChemBioCyc
C=CC(=O)[O-],1,MetaNetX,PubChemBioCyc
CCCCCCCCCCCCC/C=C/C=O,1,MetaNetX,PubChemBioCyc
NN,1,MetaNetX,PubChemBioCyc
CC/C=C/C=O,1,MetaNetX,PubChemBioCyc
CC(C)O,1,MetaNetX,PubChemBioCyc
CN1CC(=O)NC1=N,1,MetaNetX,PubChemBioCyc
CC/C=C/C(=O)C(=O)[O-],1,MetaNetX,PubChemBioCyc
[Zn+2],1,MetaNetX,PubChemBioCyc
[NH4+],1,MetaNetX,PubChemBioCyc
CC(=O)CC(=O)[O-],1,MetaNetX,PubChemBioCyc
CO,1,MetaNetX,PubChemBioCyc
CC(=O)N[C@@H](CCC(=O)[O-])C(=O)[O-],1,MetaNetX,PubChemBioCyc
CC[C@H](C)/C=N/O,1,MetaNetX,PubChemBioCyc
C[N+](C)(C)C/C=C/C(=O)[O-],1,MetaNetX,PubChemBioCyc
C[N+](C)(C)C/C=C/C(=O)[O-],1,MetaNetX,PubChemBioCyc
NO,1,MetaNetX,PubChemBioCyc
CCCCCCCCCCCCCCCC(=O)O[C@H](CC(=O)[O-])C[N+](C)(C)C,1,MetaNetX,PubChemBioCyc
CCCCC[C@@H](/C=C/C=C\C/C=C\C/C=C\CCCC(=O)[O-])OO,1,MetaNetX,PubChemBioCyc
CCCCCCCC(=O)O[C@H](CC(=O)[O-])C[N+](C)(C)C,1,MetaNetX,PubChemBioCyc
CCCCS(=O)(=O)[O-],1,MetaNetX,PubChemBioCyc
CCCCS(=O)(=O)[O-],1,MetaNetX,PubChemBioCyc
[S-2],1,MetaNetX,PubChemBioCyc
[I-],1,MetaNetX,PubChemBioCyc
I,1,MetaNetX,PubChemBioCyc
CCCCC=O,1,MetaNetX,PubChemBioCyc
CCCCC=O,1,MetaNetX,PubChemBioCyc
CCCCC/C=C\C/C=C\C/C=C\C=C\[C@H](CCCC(=O)[O-])OO,1,MetaNetX,PubChemBioCyc
CC1=CC[C@@H]2C[C@H]1C2(C)C,1,MetaNetX,PubChemBioCyc
CC1=CC[C@H]2C[C@@H]1C2(C)C,1,MetaNetX,PubChemBioCyc
CC1=CCC2CC1C2(C)C,1,MetaNetX,PubChemBioCyc
CCCCCC/C=C\CCCCCCCCCC(=O)OC[C@H](COP(=O)(O)O)OC(=O)CCCCCCCCC/C=C\CCCCCC,1,MetaNetX,PubChemBioCyc
CC(C)CCCC(C)CCCC(C)CCCC(C)CC(=O)[O-],1,MetaNetX,PubChemBioCyc
CCC(C)O,1,MetaNetX,PubChemBioCyc
CC[C@H](C)O,1,MetaNetX,PubChemBioCyc
CCCCC[C@@H](/C=C/C=C\CCCCCCCC(=O)O)OO,1,MetaNetX,PubChemBioCyc
[Cu+2],1,MetaNetX,PubChemBioCyc
[Cu],1,MetaNetX,PubChemBioCyc
CCCCCCCCCCCC(=O)O[C@H](CC(=O)[O-])C[N+](C)(C)C,1,MetaNetX,PubChemBioCyc
OP(O)O,1,MetaNetX,PubChemBioCyc
CCCCCCCCCCCCCCCCCCCCCCCCC(=O)O,1,MetaNetX,PubChemBioCyc
CCCCCCCCCCCCCCCC(=O)OC[C@H](COP(=O)([O-])[O-])OC(=O)CCCCCCCCCCCCCCC,1,MetaNetX,PubChemBioCyc
CCCCCCCCCCCCCCCC(=O)OC[C@H](COP(=O)(O)O)OC(=O)CCCCCCCCCCCCCCC,1,MetaNetX,PubChemBioCyc
CC/C=C/CO,1,MetaNetX,PubChemBioCyc
CCCCC/C=C\C/C=C\CCCCCCCC(=O)OC[C@H](COP(=O)([O-])[O-])OC(=O)CCCCCCC/C=C\C/C=C\CCCCC,1,MetaNetX,PubChemBioCyc
[Ni+2],1,MetaNetX,PubChemBioCyc
CCCCC,1,MetaNetX,PubChemBioCyc
CCCCCS(=O)(=O)[O-],1,MetaNetX,PubChemBioCyc
CCCC(=O)N[C@@H](CCO)C(=O)[O-],1,MetaNetX,PubChemBioCyc
C=CCl,1,MetaNetX,PubChemBioCyc
CCCCCCCCCCC/C=C\CCCCC(=O)[O-],1,MetaNetX,PubChemBioCyc
CCC/C=C\[C@@H](/C=C/C=C\CCCCCCCC(=O)[O-])OO,1,MetaNetX,PubChemBioCyc
CC/C=C\C[C@@H](/C=C/C=C\CCCCCCCC(=O)[O-])OO,1,MetaNetX,PubChemBioCyc
C[C@@H](C[NH3+])C(=O)[O-],1,MetaNetX,PubChemBioCyc
C[As](O)O,1,MetaNetX,PubChemBioCyc
CC[N+](=O)[O-],1,MetaNetX,PubChemBioCyc
OO,1,MetaNetX,PubChemBioCyc
CC(C)C(=O)C(=O)[O-],1,MetaNetX,PubChemBioCyc
CCCCCCCCCCCCCCCCCC(=O)OCC(COC(=O)CCCCCCCCCCCCCCCCC)OC(=O)CCCCCCCCCCCCCCCCC,1,MetaNetX,PubChemBioCyc
[Cd+2],1,MetaNetX,PubChemBioCyc
CCC[C@@H]1CCCC[NH+]1C,1,MetaNetX,PubChemBioCyc
OCl,1,MetaNetX,PubChemBioCyc
CC(=O)N[C@@H](CCCC(=O)O)C(=O)O,1,MetaNetX,PubChemBioCyc
C=CCC(=O)C(=O)[O-],1,MetaNetX,PubChemBioCyc
CCCC/C=C\C=C\C=C/CCCCCCCC(=O)O,1,MetaNetX,PubChemBioCyc
CCCCCCCCCCCCCCCCCC(=O)OC[C@H](COP(=O)([O-])OCC[NH3+])OC(=O)CCCCCCCCCCCCCCCCC,1,MetaNetX,PubChemBioCyc
CC1CCC(=O)O1,1,MetaNetX,PubChemBioCyc
CCCCCCCCCC(=O)OC[C@H](CO)OC(=O)CCCCCCCCC,1,MetaNetX,PubChemBioCyc
CC/C=C\C/C=C\C/C=C\CCCCCCCC(=O)OC[C@H](COP(=O)([O-])[O-])OC(=O)CCCCCCC/C=C\C/C=C\C/C=C\CC,1,MetaNetX,PubChemBioCyc
CCCCC/C=C\C/C=C\C/C=C\C/C=C\CCCC(=O)O[C@H](CO)COP(=O)([O-])[O-],1,MetaNetX,PubChemBioCyc
CCS(=O)(=O)[O-],1,MetaNetX,PubChemBioCyc
CCCCCCC/C=C/C=O,1,MetaNetX,PubChemBioCyc
[Cu+],1,MetaNetX,PubChemBioCyc
CC/C=C\CC=O,1,MetaNetX,PubChemBioCyc
O=O,1,MetaNetX,PubChemBioCyc
CC1=CC[C@H]2[C@@H](C1)C2(C)C,1,MetaNetX,PubChemBioCyc
[Cl-],1,MetaNetX,PubChemBioCyc
C[N+](C)(C)[O-],1,MetaNetX,PubChemBioCyc
CC(/C=C/C(=O)C(=O)[O-])C(=O)[O-],1,MetaNetX,PubChemBioCyc
C/C=C/C,1,MetaNetX,PubChemBioCyc
C=O,1,MetaNetX,PubChemBioCyc
C=O,1,MetaNetX,PubChemBioCyc
CSCCCC[C@@H](C(=O)[O-])N(O)O,1,MetaNetX,PubChemBioCyc
CSCCCCCCCC[C@@H](C(=O)[O-])N(O)O,1,MetaNetX,PubChemBioCyc
CSCCCCCCC[C@@H](C(=O)[O-])N(O)O,1,MetaNetX,PubChemBioCyc
CSCCCCCC[C@@H](C(=O)[O-])N(O)O,1,MetaNetX,PubChemBioCyc
CSCCCCC[C@@H](C(=O)[O-])N(O)O,1,MetaNetX,PubChemBioCyc
C/C=C/CC(=O)O,1,MetaNetX,PubChemBioCyc
CC(=O)CC(=O)CC(=O)[O-],1,MetaNetX,PubChemBioCyc
CCCCCCCC/C=C\CCCCCCCC(=O)OC[C@H](COP(=O)([O-])[O-])OC(=O)CCCCCCC/C=C\CCCCCCCC,1,MetaNetX,PubChemBioCyc
CCCCC/C=C\C/C=C\C/C=C\C/C=C\CCCC(=O)NCCO,1,MetaNetX,PubChemBioCyc
CCCCCCCCCCCCCC(=O)OC[C@H](COP(=O)([O-])[O-])OC(=O)CCCCCCCCCCCCC,1,MetaNetX,PubChemBioCyc
CCCCCCCCCCCCCC(=O)OC[C@H](COP(=O)(O)O)OC(=O)CCCCCCCCCCCCC,1,MetaNetX,PubChemBioCyc
CCCCCCCCCCCCCC(=O)OC[C@H](COP(=O)([O-])OCC[N+](C)(C)C)OC(=O)CCCCCCCCCCCCC,1,MetaNetX,PubChemBioCyc
CCCCCCCC/C=C\CCCCCCCC(=O)OC[C@H](COP(=O)([O-])OCC[NH3+])OC(=O)CCCCCCC/C=C\CCCCCCCC,1,MetaNetX,PubChemBioCyc
Cl[Fe](Cl)Cl,1,MetaNetX,PubChemBioCyc
CCCCCCCCCCCCCCCCCC(=O)OC[C@H](COP(=O)([O-])[O-])OC(=O)CCCCCCCCCCCCCCCCC,1,MetaNetX,PubChemBioCyc
CCCCCCCCCCCCCCCCCC(=O)OC[C@H](COP(=O)(O)O)OC(=O)CCCCCCCCCCCCCCCCC,1,MetaNetX,PubChemBioCyc
CC(=O)CC1CCCN1C,1,MetaNetX,PubChemBioCyc
CCCCCCCC/C=C\CCCCCCCC(=O)O[C@H](CC(=O)[O-])C[N+](C)(C)C,1,MetaNetX,PubChemBioCyc
CCCCCCCC/C=C\CCCCCCCC=O,1,MetaNetX,PubChemBioCyc
CCCCCCCC/C=C\CCCCCCCC(=O)OCC,1,MetaNetX,PubChemBioCyc
[Mo+2],1,MetaNetX,PubChemBioCyc
C[N+](C)(C)CCCC(=O)[O-],1,MetaNetX,PubChemBioCyc
C[N+](C)(C)CCCC(=O)[O-],1,MetaNetX,PubChemBioCyc
O[As](O)O,1,MetaNetX,PubChemBioCyc
CCCCCC/C=C\CCCCCCCCCC(=O)[O-],1,MetaNetX,PubChemBioCyc
CCCCCCC=CCCCCCCCCCC(=O)O,1,MetaNetX,PubChemBioCyc
C,1,MetaNetX,PubChemBioCyc
C,1,MetaNetX,PubChemBioCyc
CCCCCC/C=C\CCCCCCCC(=O)OC[C@H](COP(=O)([O-])OCC[NH3+])OC(=O)CCCCCCC/C=C\CCCCCC,1,MetaNetX,PubChemBioCyc
C=CCC(=O)O,1,MetaNetX,PubChemBioCyc
CCCCN,1,MetaNetX,PubChemBioCyc
N#N,1,MetaNetX,PubChemBioCyc
C=C,1,MetaNetX,PubChemBioCyc
[Se],1,MetaNetX,PubChemBioCyc
[C-]#N.[Na+],1,MetaNetX,PubChemBioCyc
C/C=C/C=C/C(=O)[O-],1,MetaNetX,PubChemBioCyc
[Br-],1,MetaNetX,PubChemBioCyc
CCCCCCCC/C=C\CCCCCCCCCCCCCCCC(=O)[O-],1,MetaNetX,PubChemBioCyc
CC[C@H](C)/C=N\O,1,MetaNetX,PubChemBioCyc
[Se-2],1,MetaNetX,PubChemBioCyc
CCCCCCCC/C=C\CCCCCCCC(=O)OC[C@H](CO)OC(=O)CCCCCCC/C=C\CCCCCCCC,1,MetaNetX,PubChemBioCyc
CCCCCCC(=O)[O-],1,MetaNetX,PubChemBioCyc
CC/C=C/SO,1,MetaNetX,PubChemBioCyc
CC=O,1,MetaNetX,PubChemBioCyc
CCCCCCCC(=O)[O-],1,MetaNetX,PubChemBioCyc
CC(=O)N[C@@H](CC[NH3+])C(=O)[O-],1,MetaNetX,PubChemBioCyc
CC(=O)NCCC=O,1,MetaNetX,PubChemBioCyc
CC(C)(C)[NH3+],1,MetaNetX,PubChemBioCyc
CCC,1,MetaNetX,PubChemBioCyc
CCCS,1,MetaNetX,PubChemBioCyc
CCCN,1,MetaNetX,PubChemBioCyc
CC/C=C\CC/C=C/C=O,1,MetaNetX,PubChemBioCyc
CC(=O)OCC[N+](C)(C)C,1,MetaNetX,PubChemBioCyc
C[NH2+]C,1,MetaNetX,PubChemBioCyc
C/C=C/SO,1,MetaNetX,PubChemBioCyc
CC(C)C#N,1,MetaNetX,PubChemBioCyc
C=C(CC(=O)C(=O)O)C(=O)O,1,MetaNetX,PubChemBioCyc
C=C1CC1C(=O)C(=O)[O-],1,MetaNetX,PubChemBioCyc
C[S+](C)CCC=O,1,MetaNetX,PubChemBioCyc
[Rb+],1,MetaNetX,PubChemBioCyc
CC(C)C/C=N/O,1,MetaNetX,PubChemBioCyc
CC(CC(=O)O)C(=O)CC(=O)O,1,MetaNetX,PubChemBioCyc
CCCCCCCCCCCC1=CC(=O)CN1,1,MetaNetX,PubChemBioCyc
CC(=O)N[C@@H](CCC[NH3+])C(=O)[O-],1,MetaNetX,PubChemBioCyc
CCCCCCCCCCCCCC(=O)[C@@H](CCCCCCCCCCCC)C(=O)[O-],1,MetaNetX,PubChemBioCyc
CCCCCCCCCCCC(=O)[C@@H](CCCCCCCCCC)C(=O)[O-],1,MetaNetX,PubChemBioCyc
CCCCCCCCCC(=O)[C@@H](CCCCCCCC)C(=O)[O-],1,MetaNetX,PubChemBioCyc
CCCCCCCC(=O)[C@@H](CCCCCC)C(=O)[O-],1,MetaNetX,PubChemBioCyc
CC(C)CCCCC(=O)CC(=O)OCC(=O)COP(=O)([O-])[O-],1,MetaNetX,PubChemBioCyc
CC(C)CCCC(=O)CC(=O)OCC(=O)COP(=O)([O-])[O-],1,MetaNetX,PubChemBioCyc
CC(C)CCCC(=O)CC(=O)OCC(=O)CO,1,MetaNetX,PubChemBioCyc
CC(O)O,1,MetaNetX,PubChemBioCyc
CC(=O)N1CC[C@H]1C(=O)[O-],1,MetaNetX,PubChemBioCyc
CC(=O)NCCC[NH3+],1,MetaNetX,PubChemBioCyc
CC(=O)/C=C/C=O,1,MetaNetX,PubChemBioCyc
CC/C=C\C=C/O/C=C/C=C\CCCCCCCC(=O)[O-],1,MetaNetX,PubChemBioCyc
CCCC/C=C\O/C=C/C=C\CCCCCCCC(=O)[O-],1,MetaNetX,PubChemBioCyc
CC/C=C\C=C\O/C=C\C=C/CCCCCCCC(=O)[O-],1,MetaNetX,PubChemBioCyc
CCCC/C=C/O/C=C\C=C/CCCCCCCC(=O)[O-],1,MetaNetX,PubChemBioCyc
CC(=O)N[C@@H](CSC(C)(C)CCO)C(=O)[O-],1,MetaNetX,PubChemBioCyc
CCCCCCCCCCCCCCCCCC(=O)OP(=O)([O-])[O-],1,MetaNetX,PubChemBioCyc
CCCCCCCC/C=C\CCCCCCCC(=O)OP(=O)([O-])[O-],1,MetaNetX,PubChemBioCyc
CCC(=O)N[C@@H](CCC(=O)N[C@H]1CCCNC1=O)C(=O)[O-],1,MetaNetX,PubChemBioCyc
CCCCCCOS(=O)(=O)[O-],1,MetaNetX,PubChemBioCyc
CCCCCCC(CCCC)COS(=O)(=O)[O-],1,MetaNetX,PubChemBioCyc
CCCCOS(=O)(=O)[O-],1,MetaNetX,PubChemBioCyc
CCCCCOS(=O)(=O)[O-],1,MetaNetX,PubChemBioCyc
CCCCCCCOS(=O)(=O)[O-],1,MetaNetX,PubChemBioCyc
CCCCCCCCCOS(=O)(=O)[O-],1,MetaNetX,PubChemBioCyc
CCCCC/C=C\C/C=C\C/C=C\C=C\[C@H](CCCC(=O)NCCO)OO,1,MetaNetX,PubChemBioCyc
CCCCC/C=C\C[C@@H](/C=C/C=C\C/C=C\CCCC(=O)NCCO)OO,1,MetaNetX,PubChemBioCyc
CCCCC[C@@H](/C=C/C=C\C/C=C\C/C=C\CCCC(=O)NCCO)OO,1,MetaNetX,PubChemBioCyc
CCCSP(=O)([O-])SCCC,1,MetaNetX,PubChemBioCyc
CCC(C)SP(=O)([O-])SC(C)CC,1,MetaNetX,PubChemBioCyc
CCCCCCCCCCCCCCCC(=O)OC(CCCCCCCCCCCCC)CC(=O)NCC(=O)[O-],1,MetaNetX,PubChemBioCyc
CC(C)C[C@@H](C(=O)[O-])N(O)O,1,MetaNetX,PubChemBioCyc
CCCCCCCOC(=O)CC,1,MetaNetX,PubChemBioCyc
CCC(C)CCCCC(=O)CC(=O)OCC(=O)COP(=O)([O-])[O-],1,MetaNetX,PubChemBioCyc
CCCCCCCC(=O)CC(=O)OCC(=O)COP(=O)([O-])[O-],1,MetaNetX,PubChemBioCyc
CCC=O,1,MetaNetX,PubChemBioCyc
CCCCC(CC)COS(=O)(=O)[O-],1,MetaNetX,PubChemBioCyc
CCCCCCCCCCCCCCCCCC(=O)NCCO,1,MetaNetX,PubChemBioCyc
CCCCCCCCCCCCCCCCCCO,1,MetaNetX,PubChemBioCyc
C=CCSS(=O)CC=C,1,MetaNetX,PubChemBioCyc
C=CCSO,1,MetaNetX,PubChemBioCyc
CS(=O)CCCCN=C=S,1,MetaNetX,PubChemBioCyc
CCCCCCCCCCCCCCCCCCCCCCCC=O,1,MetaNetX,PubChemBioCyc
CCCCCCCCCCCCCC(=O)O[C@H](CC(=O)[O-])C[N+](C)(C)C,1,MetaNetX,PubChemBioCyc
CCCCCCCCCCCCCCCCCCCCCCCCCCCCCCCCCC=O,1,MetaNetX,PubChemBioCyc
CCCCCCCCCCCCCCCCCCCCCCCCCCCCCCCCCC(=O)[O-],1,MetaNetX,PubChemBioCyc
C1CCCCC1,1,MetaNetX,PubChemBioCyc
CCCCCCCCCCO,1,MetaNetX,PubChemBioCyc
CCCCCCCCCCCCCCCCCC(=O)OCC(COC(=O)CCCCCCCCCCCCCCCCC)OC(=O)CCCCCCCCCCCCCCCCC,1,MetaNetX,PubChemBioCyc
CC/C=C\C/C=C\C/C=C\C/C=C\CCCCCCC(=O)O,1,MetaNetX,PubChemBioCyc
CC/C=C\C=C\O/C=C/C=C\CCCCCCCC(=O)O,1,MetaNetX,PubChemBioCyc
CCCCCCC=O,1,MetaNetX,PubChemBioCyc
CCCCCC=O,1,MetaNetX,PubChemBioCyc
CCCCCCCCCCCCCCCCCCCCCCCCCCCCCCO,1,MetaNetX,PubChemBioCyc
CCCCCCCCCCCCCCCCCCCCCCCCCCCCCC=O,1,MetaNetX,PubChemBioCyc
CCCCCCCCCCCCCCCCCCCCCCC(=O)[O-],1,MetaNetX,PubChemBioCyc
CCN(CC)CC,1,MetaNetX,PubChemBioCyc
CC(C)(C)C=O,1,MetaNetX,PubChemBioCyc
C[As](C)C,1,MetaNetX,PubChemBioCyc
CCCCCCCCCCCCCCCCCCCCCCCCCCCCCCCCCO,1,MetaNetX,PubChemBioCyc
CN,1,MetaNetX,PubChemBioCyc
C[N+](C)(C)CCO,1,MetaNetX,PubChemBioCyc
[Co+2],1,MetaNetX,PubChemBioCyc
CC(C)(C)OO,1,MetaNetX,PubChemBioCyc
CCCCC/C=C\C/C=C\C=C\[C@H](C/C=C\CCCC(=O)[O-])OO,1,MetaNetX,PubChemBioCyc
CC[NH3+],1,MetaNetX,PubChemBioCyc
C[N+](C)(C)CCCC=O,1,MetaNetX,PubChemBioCyc
II,1,MetaNetX,PubChemBioCyc
[K+],1,MetaNetX,PubChemBioCyc
CC(C)/C=N\O,1,MetaNetX,PubChemBioCyc
CC(Cl)(Cl)Cl,1,MetaNetX,PubChemBioCyc
CCCC(=O)OC[C@H](CO)OC(=O)CCC,1,MetaNetX,PubChemBioCyc
CC/C=C\C/C=C\C/C=C\CCCCCCCC(=O)OC[C@H](COP(=O)([O-])OCC[N+](C)(C)C)OC(=O)CCCCCCC/C=C\C/C=C\C/C=C\CC,1,MetaNetX,PubChemBioCyc
CC(C)(CO)C(=O)C(=O)[O-],1,MetaNetX,PubChemBioCyc
CCCCCCCCCCCCCCCCOC(=O)CCCCCCCCCCCCCCC,1,MetaNetX,PubChemBioCyc
CCCCC/C=C\C[C@H](/C=C/C=C\C/C=C\CCCC(=O)[O-])OO,1,MetaNetX,PubChemBioCyc
C[Te](=O)(=O)[O-],1,MetaNetX,PubChemBioCyc
CCC(=O)C1CCCCN1,1,MetaNetX,PubChemBioCyc
CC/C=C\C/C=C\C/C=C\C/C=C\CCC(=O)[C@@H](C/C=C\C/C=C\C/C=C\C/C=C\CC)C(=O)[O-],1,MetaNetX,PubChemBioCyc
CSCCC[C@@H](C(=O)[O-])N(O)O,1,MetaNetX,PubChemBioCyc
CC(=O)CC(=O)CC(=O)C(=O)[O-],1,MetaNetX,PubChemBioCyc
CCCCCCCCCCCCCCCCCCCC(=O)OCCCCCCCCCCCC,1,MetaNetX,PubChemBioCyc
CC/C=C\C/C=C\C/C=C\C/C=C\CCC(=O)CC/C=C\C/C=C\C/C=C\C/C=C\CC,1,MetaNetX,PubChemBioCyc
CCC(C)C(=O)[O-],1,MetaNetX,PubChemBioCyc
CC(C)CNO,1,MetaNetX,PubChemBioCyc
CC(=O)N[C@@H](CS)C(=O)[O-],1,MetaNetX,PubChemBioCyc
CC(=O)NO,1,MetaNetX,PubChemBioCyc
CC(C)[N+](=O)[O-],1,MetaNetX,PubChemBioCyc
CC(C)CCC=O,1,MetaNetX,PubChemBioCyc
CCCCC(C)O,1,MetaNetX,PubChemBioCyc
CC(=O)CC(=O)CC(=O)CC(=O)CC(=O)CC(=O)CC(=O)CC(=O)CC(=O)CC(=O)[O-],1,MetaNetX,PubChemBioCyc
CCC(=O)OC,1,MetaNetX,PubChemBioCyc
CC(CN)C(=O)O,1,MetaNetX,PubChemBioCyc
